song_id,Song title,Genre,valence_mean,arousal_mean,Artist
2,Tonight  A Lonely Century,Blues,3.1,3,The New Mystikal Troubadours	
3,DD Groove,Blues,3.5,3.3,Kevin MacLeod	
4,Slow Burn,Blues,5.7,5.5,Kevin MacLeod	
5,Nothing Much,Blues,4.4,5.3,My Bubba & Mi	
7,Hustle,Blues,5.8,6.4,Kevin MacLeod	
8,Dirt Rhodes,Blues,3.2,4.8,Kevin MacLeod	
10,Stormy Blues,Blues,4,4.7,Arne Bang Huseby	
12,Rebel Blues,Blues,5.5,5.8,Sul Rebel	
13,Oh Kiss No,Blues,3.2,4,My Bubba & Mi	
17,Fjcb Reddit Gtr Fills Mix,Blues,4.4,6,Phoephus	
18,Beat The Devil's Tattoo (Live @ KEXP),Blues,4.8,3.9,Black Rebel Motorcycle Club	
19,Vultures,Blues,5.9,4.3,WHO'S PANDA	
20,Blues Shuffle in A One Take Improv Exercise,Blues,5.4,6.5,Stevie's Amp Shack	
21,My War Blues,Blues,6.6,6.3,Cian Nugent	
22,The Holy Feele,Blues,4,4.8,The New Mystikal Troubadours	
24,Workin Boy Blues,Blues,5.3,3.9,Bombay Laughing Club	
25,RL Got Soul,Blues,7.9,4.7,The Jon Spencer Blues Explosion	
31,All is Right,Blues,4.7,3.8,Short Hand	
32,Princely & Comely,Blues,4.2,3.3,The Agrarians	
35,Apoli,Blues,4.8,6.5,Olima Anditi	
37,Afro,Blues,6.6,5.3,The Jon Spencer Blues Explosion	
39,Ramblin' Rose,Blues,7.3,5.4,Barrence Whitfield and The Savages	
40,You And Me Baby (Holding On) (Live @ KEXP),Blues,4.6,4.8,Chuck Prophet	
41,Like Nothing Else,Blues,4.3,5.1,The New Mystikal Troubadours	
42,A Cinematic Influence,Blues,6.1,5.1,The New Mystikal Troubadours	
43,PuritansToo ,Blues,6.7,3.5,The Agrarians	
44,Walkabout,Blues,3.9,4.9,Digital Primitives	
45,Untitled 05,Blues,5.1,2.1,Mountain Cult	
46,Shes Too Fat,Blues,5.3,4,Little Howlin' Wolf	
47,Boulevard St Germain,Blues,4.4,4.4,Jahzzar	
48,Our Sacred Cues,Blues,4.5,4.8,The New Mystikal Troubadours	
49,Our Nights on the Turnpike,Blues,3.9,5.3,The Agrarians	
50,Railroad's Whiskey Co,Blues,3.6,4.8,Jahzzar	
51,Fathers Tell Yr Sons ,Blues,3.6,3.2,The Agrarians	
52,Recognize An Hour Divine,Blues,4.6,5.1,The Agrarians	
53,Owed to Old Poets  Our Role in the Play,Blues,4.3,5.1,The New Mystikal Troubadours	
54,Broken,Blues,3.1,3.3,Fit and the Conniptions	
55,Baby Please Don't Go ,Blues,5.8,5.4,Big Bill Broonzy	
56,Fafa,Blues,6.4,5.8,Vieux Farka Touré	
58,Nothing's Any Fun Any More,Blues,3.3,3.4,Fit and the Conniptions	
59,The Truth Is What We Make of It,Blues,5.3,4.1,The Agrarians	
60,Heat Index,Blues,4.3,6.4,Michael Chapman & The Woodpiles	
62,Baby's Got Morphine Eyes,Blues,6.2,3.9,Zombie Prom Queen	
64,Jungle Love Revisited,Blues,3.6,4.9,The New Mystikal Troubadours	
65,Bellbottoms,Blues,6.4,5.8,The Jon Spencer Blues Explosion	
67,Gadzooks,Blues,7.2,6.8,The Jon Spencer Blues Explosion	
68,Sixes & Sevens (Excerpt),Blues,3.8,4.9,Cian Nugent	
69,Keep Your Lamp Trimmed And Burning [traditional],Blues,3.2,3.9,Billy Childish	
70,Deportee,Blues,4.4,3.6,Michael Chapman & The Woodpiles	
71,The Daily Dose Age,Blues,5.9,3.7,The Agrarians	
72,Bona Fide,Blues,6.7,5.6,Crete Boom	
73,Lalalala,Blues,5.8,5.6,Solo Dja Kabako	
74,Interview,Blues,3,4.3,Mount Carmel	
76,Untitled 07,Blues,4.3,3.2,Mountain Cult	
77,Yr Blues Tripping,Blues,4.2,2.9,The Rope River Blues Band	
78,How to go to sleep,Blues,3.4,3.9,Mr. & Mrs. Smith	
79,No Holiday,Blues,5.5,5.5,Digital Primitives	
80,Roulette,Blues,6,5.1,Lorenzo's Music	
81,The Newest Fashions,Blues,6.1,3.9,The Agrarians	
82,Goin On,Blues,2.9,3.5,Mr. & Mrs. Smith	
83,If You Love Me Like You Say,Blues,6.1,5.8,Paul  Wine  Jones	
84,Swallow Me Up,Blues,5.9,5.6,Mount Carmel	
85,Out Of Our Heads,Blues,7.1,6.2,Lantern	
86,Eat at Joe's,Blues,5.4,5.6,Eat at Joe's	
87,Untitled 04,Blues,5.3,2.6,Mountain Cult	
88,We All Fall Down,Blues,6.7,5.5,Lorenzo's Music	
89,Common Experiences Man ,Blues,4.5,4.8,The New Mystikal Troubadours	
90,Wood For The Trees,Blues,4.3,4.2,Fit and the Conniptions	
91,One,Blues,4.5,5.5,Sim Cain	
92,Further,Blues,5.8,4.7,The Rope River Blues Band	
93,Waitin' (Live @ KEXP),Blues,7.2,6,Betsy Olson	
95,Old Strange,Blues,3.3,4.6,Steve Gunn	
96,Aces and Twos (Live @ KEXP),Blues,6.8,6.9,The Devil Makes Three	
98,The Index of Memory,Blues,4.3,2.7,The Agrarians	
99,Chamber Blues' Tidal Band Presents,Blues,4.3,4.1,The New Mystikal Troubadours	
101,Least the Ocean is Wet,Blues,3.4,2.8,Mr. & Mrs. Smith	
102,Electricity,Blues,6.5,5.4,Marisa Anderson	
103,Untitled 01,Blues,5.6,3.3,Mountain Cult	
104,Ben Jonson's Blues,Blues,6.1,3.3,The Rope River Blues Band	
105,Girl Might Do,Blues,6.5,5,mojo monkeys	
106,Wander In A Dream,Blues,4.6,3.3,Fit and the Conniptions	
107,We Three Kings,Blues,6,4.8,Tarred Brigade	
108,Giving Away The Bride (Live @ KEXP),Blues,4.5,4.2,Califone	
109,You're the Wave  Wander!,Blues,4.4,4.5,The Agrarians	
110,(Come On and Feele) The Faith in Me,Blues,4.4,2.8,The Agrarians	
111,Drop Down Low,Blues,5.3,5.3,Jawbone	
112,Big Mamou,Blues,6.8,6.4,Barrence Whitfield and The Savages	
113,(Shuffling Towards) Art's Holy Shrine,Blues,5.4,3.8,The New Mystikal Troubadours	
114,Inne (Live @ KEXP),Blues,4.8,5.7,Vieux Farka Touré	
115,Bip Bop Bip,Blues,8.4,7.8,Barrence Whitfield and The Savages	
116,Mistress Song,Blues,4.4,3.9,Fit and the Conniptions	
117,Queen of Loneliness,Blues,3.9,5,Delta Dreambox	
118,America,Blues,4.9,4.6,Cooper-Moore & Assif Tsahar	
119,Ethio Song,Blues,4.3,3.2,Amen Dunes	
120,Mr Franklin,Blues,3.8,5,Steve Gunn	
121,The not so flashy Exit,Blues,3.1,3.9,Mr. & Mrs. Smith	
122,The Attack of Ev'ry Time,Blues,5.5,4.6,The Agrarians	
123,Awei Womei (Live @ KEXP),Blues,6.1,6.2,Vieux Farka Touré	
124,The Banks of Eternity,Blues,3.7,2.8,The Agrarians	
125,Songtress' Sweet Song,Blues,4.5,4.2,The Agrarians	
126,Le petit jardin (with Les Gauchers Orchestra),Classical,5.1,6.1,Lee Maddeford	
127,Sunset,Classical,3,5.3,Evgeny Grinko	
128,Veloma,Classical,3.6,4,Fabrizio Paterlini	
129,Sneeuwland,Classical,4.2,6,Oskar Schuster	
130,Strides,Classical,3.3,4.2,Jared C. Balogh	
131,Wonderland (Instrumental),Classical,6.1,4.9,Dexter Britain	
133,Aleph,Classical,2.8,2.2,Ophir Ilzetzki	
134,Summers Coming,Classical,5.4,6,Dexter Britain	
135,O Solitude (H,Classical,3.7,3.5,Jody Pou	
136,Fourth,Classical,6.8,6.2,Mystic Morrison Visions	
137, I,Classical,4.3,5.8,Aaron Dunn-Sonatina No. 1 in C Major 	
138,Encounters With Abusive Men,Classical,3.8,2.4,Silver Process	
140,Shaking Off The Rust,Classical,4.2,4.5,Jared C. Balogh	
142, Carosello,Classical,4.6,4.8,Circus Marcus-Aux puces nº2 	
143,Aux puces nº5,Classical,4,4.9,Circus Marcus	
144,The Passing of Time,Classical,3.4,4.7,krackatoa	
145,The Forest and the Trees,Classical,3.1,5.4,Kevin MacLeod	
146,Nine,Classical,2.4,3.5,Marcel Pequel	
148,Bending Light Infinity version,Classical,4.7,5,krackatoa	
149,Gagool,Classical,3.4,3.1,Kevin MacLeod	
150,Bow to Your Neighbor (Excerpt),Classical,5,5.4,Steven Arntson	
151,Pacifico,Classical,4,4.5,James Beaudreau	
152,The Tea Party,Classical,4.4,5.6,Dexter Britain	
153,Blizzard,Classical,3.9,4.5,Evgeny Grinko	
154,Ouverture,Classical,4.2,4.1,Lee Maddeford	
155,Cyprus,Classical,3.6,5.4,Jared C. Balogh	
156,Wheel of fortune (with Les Gauchers Orchestra),Classical,6.4,6.7,Lee Maddeford	
157,Opening Doors,Classical,4,6.2,Jamie Evans	
158,5 00 AM,Classical,2.1,3.6,Peter Rudenko	
159,Awaken From A Nightmare,Classical,3.8,3.1,Silver Process	
160, Suite for Violin 9 Hora vivace,Classical,3.5,3.5,Advent Chamber Orchestra-Bughici 	
161,O Fortuna,Classical,6.3,3.5,MIT Concert Choir	
162,Le bal de Rémy,Classical,3.7,4.6,Circus Marcus	
163,Caught In A Realm,Classical,3.6,4.5,Jared C. Balogh	
164,Row Night,Classical,4.1,2.9,Silver Process-Skid	
166,Stop It (Instrumental),Classical,3.1,4.2,Dexter Britain	
167, Les chaises Louis XVI,Classical,2.7,3.3,Circus Marcus-Aux puces nº1 	
168,Funeral March for Brass,Classical,3.3,3.4,Kevin MacLeod	
169,Black Coffee,Classical,2.4,2.8,Jody Pou	
170, La Flor de Olmedo,Classical,3,5,Circus Marcus-Aux puces nº6 	
171,That Kid in Fourth Grade Who Really Liked the Denver Broncos,Classical,2.1,3.6,Chris Zabriskie	
172,The Temperature of the Air on the Bow of the Kaleetan,Classical,3.8,5,Chris Zabriskie	
173,Ease,Classical,4.6,2.2,Andrew Bisset-Cultural Dis	
174,War And Peace,Classical,4,3.8,Jamie Evans	
175,Don't You Want to Go to Heaven Uncle Sam  ,Classical,3.7,4.3,Steven Arntson	
176,Six,Classical,2.4,3.9,Marcel Pequel	
177,O Come O Come Emmanuel,Classical,4.8,5.6,IKOS David Clifton with the choirs of Peterborough Cathedral	
178,Uno Is Walking,Classical,2.8,3.7,K-Conjog	
179,The Time To Run,Classical,5.2,6,Dexter Britain	
180,Bridging and Mending,Classical,4.8,5.9,Jared C. Balogh	
181,A Muddy Heart,Classical,3.7,2.5,Steven Arntson	
182,Dedicated to Elizabeth Cotten (with Matt Bauder),Classical,2.2,3.7,Jessica Pavone	
184,imagined version),Classical,3.6,3.4,Fabrizio Paterlini-Forever blue (March Rosetta re	
185,Ghost Dance,Classical,4.9,4.6,Kevin MacLeod	
186,Nights Tale,Classical,3.7,4,Dexter Britain	
187,Other Child Room,Classical,2.5,3.7,Evgeny Grinko	
188,Tom's Lullaby (with Les Gauchers Orchestra),Classical,4,3.3,Lee Maddeford	
189,Wild Rover with Bellevue Chamber Chorus,Classical,6.5,7.1,Sláinte	
190,Virtutes Instrumenti,Classical,2.8,3.1,Kevin MacLeod	
191,Variatio 14 a 2 Clav,Classical,5.1,6.3,Kimiko Ishizaka	
192,Lucky,Classical,5.8,6.1,Steven Arntson	
193,Hands,Classical,4.1,3,Matthew Mehlan	
194,Reminiscence,Classical,2.7,4.7,Jamie Evans	
195,Golden Alley Reprise,Classical,4.2,2.7,Rebecca Foon	
196,Borodin Butterfly,Classical,4.3,4.5,Lanark	
197,Eight,Classical,2.2,2.8,Marcel Pequel	
198,Red Danube,Classical,1.9,3.3,Lee Rosevere	
199,Spring Mvt 1 Allegro,Classical,5.3,5.7,John Harrison with the Wichita State University Chamber Players	
201,Les crocodiles mangent aussi les bonshommes Wizzards,Classical,3.7,4.8,Circus Marcus	
202,God Rest Ye Merry Gentlemen,Classical,4.6,5.2,Chance's end	
203,WATCHING IT SNOW WHILE THINKING OF YOU,Classical,3.5,4.8,Jared C. Balogh	
204,Sinfonia di Violoncello e AM RadioFinitura,Classical,3.6,2.2,Joe Merolla	
205,Prelude No,Classical,3,4.5,Chris Zabriskie	
206,Unisons,Classical,2.3,2.6,Ophir Ilzetzki	
207,Notebook Reading,Classical,4.8,4.8,Dexter Britain	
208,Leave Well Enough Alone (Instrumental),Classical,4.8,6.5,Dexter Britain	
209,Amazing Grace 2011,Classical,3.1,4.6,Kevin MacLeod	
210, Suite for Violin 8 Ardeleneascamoderato ,Classical,4.2,5.5,Advent Chamber Orchestra-Bughici 	
211,After Christmas,Classical,3.1,4.9,Dexter Britain	
212,My Song For January,Classical,4.6,5.4,Dexter Britain	
213,Graveyard Illusions,Classical,2.6,2.5,Silver Process	
214,Blue sox,Classical,3.6,4.1,Arnaud Roy	
215,In A Party Watching A Party,Classical,3.2,2.6,Silver Process	
216,On Things Invisible to the Eye (Act II),Classical,4.5,5.3,Lloyd Rodgers	
217,Haunted,Classical,3.5,4.8,Jamie Evans	
218,the piano of the old seaman,Classical,2.9,4,Evgeny Grinko	
219,The Book of Floating,Classical,2.4,3.8,The New Heaven and The New Earth	
220,Jazz Band With Jazz Hands,Classical,4.1,3.4,Silver Process	
221,First,Classical,4.3,3.4,The New York Underground Orchestra (Conducted By Assif Tsahar)	
222,ha'zman,Classical,3.8,4.3,Ophir Ilzetzki	
223,One,Classical,2.2,3.5,Marcel Pequel	
224,jingles interludes et dimanche minuit,Classical,5.5,5.7,LE CHEVALIER DE RINCHY	
225,The Anticipation Of Spring,Classical,3.7,4.2,Jared C. Balogh	
226,A TOUGH DECISION,Classical,4.9,5,Jared C. Balogh	
227,SELF REFLECT,Classical,3.1,3.5,Jared C. Balogh	
228,Woody Allen,Classical,3.5,4,Evgeny Grinko	
229,Slow Motion Strut Version Two,Classical,4.8,4.8,Dexter Britain	
231,Train,Classical,4.1,5.6,Dexter Britain	
232, Serenade for Strings Op22 in E Major larghetto,Classical,2.5,2.7,Advent Chamber Orchestra-Dvorak 	
233,HURRY UP AND RAIN,Classical,4.7,4.5,Jared C. Balogh	
234,Dedicated to Leroy Jenkins,Classical,3.5,3.9,Jessica Pavone	
235,Flight of the Moth,Classical,3,3.7,Steven Arntson	
236,Transmutation Of Metals,Classical,2.5,2.4,Chuck Bettis & Joe Merolla	
237,Birth,Classical,4.2,3.9,Steven Arntson	
238, BWV 846,Classical,3,4.6,Kevin MacLeod-J. S. Bach  Prelude in C 	
239,Seven,Classical,2.3,3.3,Marcel Pequel	
240,Gammelvals,Classical,6.4,6.6,Puh	
241,After The Week I've Had,Classical,4.1,4.6,Dexter Britain	
242,Silent Night,Classical,3.5,4.7,IKOS David Clifton with the choirs of Peterborough Cathedral	
243,Ave formosissima — O Fortuna (reprise),Classical,7.2,4.1,MIT Concert Choir	
244,Valediction,Classical,4.3,4.2,Steven Arntson	
245, Entrance to the Queen of Sheba for Two Oboes Strings and Continuo allegro ,Classical,4.2,6.1,Advent Chamber Orchestra-Handel 	
246,Traumatic Childhood,Classical,4.9,3.2,Silver Process	
247,Micro Composition 10,Classical,3.9,4.5,Jared C. Balogh	
248,Chasing Time,Classical,3.4,3.7,Dexter Britain	
250,Winter Mvt 3 Allegro,Classical,3.4,3.6,John Harrison with the Wichita State University Chamber Players	
253,Dance!,Country,6.6,2.5,The Rope River Blues Band	
254,Original Rags (1900 piano roll) ,Country,5.3,7.4,Scott Joplin	
257,Wine Wine Wine,Country,7.6,6.9,Stompin' Riff Raffs	
258,ChainSmoke Days,Country,4.3,4.3,Mr. & Mrs. Smith	
260,Detroit,Country,5.3,3.6,The Moaners	
262,The Entertainer (1902 piano roll) ,Country,5.6,6.9,Scott Joplin	
264,House Rent Jump,Country,5.3,5.5,Peter Case	
265,Emmet's Cuckoo Song,Country,4.5,6.4,George P. Watson	
266,SOLO ACOUSTIC GUITAR,Country,3.6,4.8,Jason Shaw	
269,Swan Song,Country,4.3,4.8,Paper Navy	
270,I Do Like To Be Beside The Seaside (1907 piano roll) ,Country,6.1,7.1,John H. Glover-Kind	
272,JENNY'S THEME,Country,5.9,6.4,Jason Shaw	
273,Western Country,Country,5.4,7.2,Shake That Little Foot	
274,Mochi,Country,7.7,6,LE CLUB DES CHATS	
275,Rednecks with White Faces,Country,5.3,5.5,Caühaüs	
276,Blackberry Hedge,Country,6.1,5.3,Secret Jane	
278,ACOUSTIC BLUES,Country,5.5,5.1,Jason Shaw	
279,Party,Country,3.6,4.7,Krestovsky	
280,Upper Room,Country,4.2,3.3,Flying Cloud	
281,The Smiler (1907Zonophone Concert Band) ,Country,5.4,7,Percy Wenrich	
282,Have You Seen It ,Country,3.2,4.2,Dr. Frankenstein	
284,Last Dance,Country,4.4,5.2,Jahzzar	
285,Death Valley Waltz,Country,3.5,5.1,Lucas Gonze	
286,,Country,5.7,6.9,Scott Joplin-Maple Leaf Rag (1899 Geisz version) 
288,WORDS,Country,3.5,5.2,Jason Shaw	
289,Pine Apple Rag (1908 piano roll) ,Country,5.7,6.7,Scott Joplin	
290,The City,Country,2.1,3.9,Abe Sada	
292,Horror Show,Country,7.3,7.4,Stompin' Riff Raffs	
293,Ayahuasca,Country,6.3,4.2,Party People in a Can	
294,Chinese Blues (1916 George Gershwin piano roll) ,Country,5.5,6.5,Moore and Gardner	
296,Candy,Country,5.9,5.7,Caravan of Thieves	
297,My Friend,Country,3.1,3.6,Wooden Ambulance	
298,Obvious,Country,4,5.4,Moore & Sons	
299,RUNNING WATERS,Country,2.8,4.3,Jason Shaw	
300,What I Found,Country,6.8,4.5,The Brought Low	
301,Never Turnin' Back (Live @ KEXP),Country,3.2,3.7,Shane Tutmarc	
302,Danger Behind The Wheel (Live @ KEXP),Country,6.6,7,Rose's Pawn Shop	
303,American English,Country,7,6.4,The Canoes	
304,Rose Room,Country,3.8,4.6,Jeremy Cohen & Matt Munisteri	
305,Riding Down To Mexico,Country,6.4,6.8,Rex Allen	
306,Frog Legs Rag (1906 piano roll),Country,5.7,6.7,James Scott	
307,Turkey in the Straw,Country,6.1,6.8,Shake That Little Foot	
308,WHEELS,Country,4.3,6.6,Jason Shaw	
309,Theme for  The Mad Thinker ,Country,5.3,5.8,Dr. Frankenstein	
310,Neighborhood Funeral Dress,Country,2.1,2.7,Mr. & Mrs. Smith	
311,Ghostwriter,Country,5.8,6.9,Caravan of Thieves	
312,Wild Guide,Country,4.6,5.8,Austin Leonard Jones	
313,TRAVEL LIGHT,Country,3.6,5.3,Jason Shaw	
314,Ox Driving Song,Country,5.8,5.9,Austin Leonard Jones	
315,Scotland the Brave,Country,6.4,7.5,Shake That Little Foot	
316,The River,Country,2.8,3.5,Kenny Tudrick	
317,Rose Water,Country,6.1,4.3,Waylon Thornton	
318,Emergency Exit,Country,5.9,5.9,Dr. Frankenstein	
319,Frog In The Well,Country,4.5,6.6,Lucas Gonze	
320,99 Chicks,Country,7.4,6.6,Stompin' Riff Raffs	
321,Necrófago,Country,7.3,6,Dr. Frankenstein	
322,I Wanna Say Hello,Country,6.1,7.6,Pee Wee King	
323,Pilgim Song (Live @ KEXP),Country,4.82,5.73,The Water Tower Bucket Boys	
324,SERENITY,Country,3.3,4.7,Jason Shaw	
325,Birmingham Jail,Country,5.5,5.4,Chatham County Line	
326,THINGAMAJIG,Country,5.4,7.2,Jason Shaw	
327,Ricky Dee,Country,6,7.1,Bandana Splits	
328,Imna 'Merican,Country,5.2,4.2,U Can Unlearn Guitar	
329,Cars and Parties,Country,3.3,4.2,Edith Frost	
330,Loco Two,Country,5.9,3.1,Vonn Krapp Family	
332,FUNKY JUNKY,Country,5.5,6.9,Jason Shaw	
333,Live at the Winston,Country,6.7,6.1,Thee Irma & Louise	
334,Childhood Days,Country,5.9,5.9,Universal Jubilaires	
335,Help You (Live @ KEXP),Country,6.8,6.8,Trampled By Turtles	
336,Rock n Roll McDonald's,Country,6.1,6.6,The Shut-Ins	
338,Southern Gothic,Country,3,3.8,Bureaucratica	
339,ROCKY TOP,Country,5.9,6.9,Jason Shaw	
340,30 Days in the Workhouse,Country,3.8,4.6,Peter Case	
341,Columbine,Country,3.8,4.4,Audra Kubat	
342,ACOUSTIC MEDITATION,Country,4,5.1,Jason Shaw	
343,Clear Blue Sky,Country,7,8.1,Chatham County Line	
344,ONE FINE DAY,Country,4.6,5.2,Jason Shaw	
345,You Shake Me,Country,7.2,6.5,Stompin' Riff Raffs	
346,TENNESEE HAYRIDE,Country,6.7,7.3,Jason Shaw	
347,Goodbye Old Paint,Country,3.82,5.82,Johnny Bond	
348,I Wish I Was A Headlight,Country,5,5.7,Austin Leonard Jones	
349,There Were Some Famous Artists,Country,4.6,5.8,Jim Long	
350,BACK TO THE WOODS,Country,6,6.5,Jason Shaw	
352,Talk About Suffering,Country,5.5,4.5,Lucas Gonze	
353,Birmingham Jail,Country,4,4.8,Johnny Bond	
354, If Not For Your Sweet Heart ,Country,7.1,6.4,Eric Villa	
355,Check Girl,Country,5.1,6.5,Al Duvall-Stuck On A Hat	
356,SNAPPY,Country,4.6,5.6,Jason Shaw	
357,Red Clay Road,Country,4.8,6.5,D. Charles Speer & the Helix	
358,Love Song To Little Trees,Country,5.6,4.2,Bill Crosson	
359,Bed,Country,2.5,3.7,Jahzzar	
360,NICE AND EASY,Country,2.5,5.5,Jason Shaw	
361,AUTUMN SUNSET,Country,2.55,3.36,Jason Shaw	
362,RIVER MEDITATION,Country,4,5.9,Jason Shaw	
364,MOUNTAIN SUN,Country,5.5,6.5,Jason Shaw	
365,Waterbound,Country,6,7.1,Shake That Little Foot	
366,Dirty Fingernails,Country,6.9,6.1,Golden Boys	
367,After Today,Country,3.1,2.7,Tift Merritt	
368,Better Do It Now,Country,4.8,6.1,Spade Cooley &  the Western Swing Dance Gang Feat. Tex Williams	
369,Mr,Country,2.9,3.4,Mr. & Mrs. Smith	
370,Little Wooden Church,Country,3.8,3.4,The Trumpeteers	
371,Will,Country,5.2,6.6,Stapleton Brothers-Call of the Whip-Poor	
372,Runaway Puppy,Country,3.6,4.8,QQQ	
374,Gambler's Blues,Country,7,4.9,The Crevulators	
375,Bit a Bullet,Country,1.9,2.8,Mr. & Mrs. Smith	
376,Night Owl,Electronic,5,5.9,Broke For Free	
378,Deep Sky Blue,Electronic,5.5,5.9,Graphiqs Groove	
379,Chantiers Navals 412,Electronic,1.9,2.9,LJ Kruzer	
380,Five Minutes at the Rainforest Cafe,Electronic,5.6,4.8,Macaw	
381, DnB Mix (Germany),Electronic,6,6.7,Hot Fire-Them Never Love No Bans 	
383,Neuroleptic trio instrumental 5,Electronic,4.2,3.6,Neuroleptic Trio	
384,Whirlwind Dance,Electronic,3.6,4.1,Ghost Hunter	
386,As Colorful As Ever,Electronic,5,5.5,Broke For Free	
387,Memories Of Thailand (Beat Doctor's 'stuck in Britain' remix),Electronic,6.2,6.2,Risey	
390,Midori,Electronic,5.7,6.2,Beat Culture	
391,Another Position (original mix),Electronic,5.5,6.1,Morphamish	
392,Ode To A Baby Snowstorm,Electronic,3.4,4.8,Ghostly Dust Machine	
393,Lysine,Electronic,6,6.4,Max Tundra	
395,Spectrum (Subdiffusion Mix),Electronic,6.7,6.2,Foniqz	
397,Mercy,Electronic,7,7,Lucky Dragons	
399,Waking Up (Instrumental),Electronic,6.7,7,Dexter Britain	
400,Run The Tape,Electronic,5.1,5.6,Asthmatic Astronaut	
401,Something Elated,Electronic,5.5,6.4,Broke For Free	
402,Quittin' Time,Electronic,7.1,7.1,Patrick Lee	
403,Flying pea v,Electronic,5.1,5.2,Daddy_Scrabble	
404,Calm The Fuck Down,Electronic,6.9,6.8,Broke For Free	
405,Presenterator,Electronic,6.1,7.4,Kevin MacLeod	
406,My God Those Legs,Electronic,5.3,4.3,Smersh	
407, april deegee rmx,Electronic,4.3,4.5,Digi G'Alessio-ekiti son feat valeska 	
408,snow world under the white moon,Electronic,6.6,6.1,EeL	
410,Twinkling,Electronic,3.8,5.1,Zero V	
415,Dubsteady,Electronic,6,5.2,Phoniandflore	
416,Please Mind the Dubstep,Electronic,5.5,5.2,Bitbasic	
419,over and under,Electronic,3.3,4,Antiphon	
420,90,Electronic,4.5,5.4,Casetofoane	
422,Moonlight and Roses,Electronic,2.8,3.7,Lee Rosevere	
423,My Pretty Looking Clothes,Electronic,5.2,4.5,Glass Boy	
425,Stars,Electronic,7.1,6.8,Decktonic	
426,Whispering Through,Electronic,5.3,5.3,Asura	
427,Enthusiast,Electronic,5.2,5.8,Tours	
428,How Exciting,Electronic,6.6,6.6,Revolution Void	
429,Divider,Electronic,3.3,4.3,Chris Zabriskie	
430,Black Gloves,Electronic,4,2.9,Vitus Von Degen	
431,Dub steps,Electronic,6.1,5.5,Dub Terminator	
432,Barbarian,Electronic,5.3,5.3,Pierlo	
435,Warm Up Suit,Electronic,4.5,5.9,Broke For Free	
436,raw instrumental pt,Electronic,4.3,5.2,Digi G'Alessio	
437,Night Beach,Electronic,5.2,4.3,Psychadelik Pedestrian	
440,Oh Wee,Electronic,5.3,6.3,Immortal Beats	
441,Singing Forest,Electronic,4.6,5.1,M.W.D.	
442, Arrogalla remix feat Andrea Congia],Electronic,4.1,4.5,Volfoniq-Memori [Amentu Segretu 	
444,People Living And Leaving Big Citys,Electronic,2.3,2.5,Augustus Bro & Gallery Six	
445,Casual Graphic Designer,Electronic,2.4,4.6,Bacalao	
448,Destination,Electronic,6.7,6.5,Anitek	
449,simple,Electronic,3.6,3.8,Orbique	
450,Grief And Sleep,Electronic,4.1,5,Ghosts	
451,Smoothest Runes,Electronic,4.9,4.4,Thick Business	
452,La (instrumental),Electronic,5.45,6.75,YACHT-Shangri	
453,Only Instrumental,Electronic,4.6,5.6,Broke For Free	
454,Steppin,Electronic,5,4.8,Wake	
455,Expedition Chant Cup,Electronic,5.4,5.7,Music For Your Plants	
456,Crack in Time,Electronic,6.1,2.3,Stickfigure	
458,Night Fly,Electronic,3.4,5,Nameless Dancers	
459,Cryin in the Delta Wind,Electronic,6.3,6.1,Mutherpluckin' B	
460,Inner Demon,Electronic,3.8,3.8,Flex Vector	
461,Ocean Breeze,Electronic,4.8,4.4,Sycamore Drive	
462,Ironic (feat,Electronic,5.8,4.6,Morsa-Erotic Post	
463,Overlay Star,Electronic,5,5.7,Lomovolokno	
464,Ropes,Electronic,5.1,5.6,Plurabelle	
466,Forever falling up,Electronic,6.6,5.9,Fanas	
467,Runtime error,Electronic,5.7,6.8,Peter Sharp	
468,Hiss,Electronic,3.6,3.4,Zero V	
469,Knock Knock,Electronic,5.1,5.3,Broke For Free	
472,I,Electronic,6.5,5.2,Listen With Sarah	
473,SmurfPulser,Electronic,7.1,5.5,Illocanblo	
475,Ooo,Electronic,5.6,5,Morphamish + MAKO	
477,Night Drive,Electronic,7.1,7.2,Decktonic	
478,Initiation,Electronic,2.8,3.2,Zero V	
479,Not Found (Invisible),Electronic,4.5,5.7,Jiony	
480,entry,Electronic,2.7,4.1,Lee Rosevere-Chapter Seven - Re	
481,Seeing The Future,Electronic,3.4,4.7,Dexter Britain	
482,LA,Electronic,1.9,3.5,Julian Winter	
484,Got Me (club mix),Electronic,6.4,6.5,Beat Doctor	
485,Coral Reef,Electronic,2.6,3.7,Psychadelik Pedestrian	
486,Neurociencia,Electronic,6.2,5.7,Pulselooper	
487,D2,Electronic,4.5,5.3,Foniqz	
488,Cold Summer Landscape,Electronic,1.6,3.4,Blear Moon	
489,Pink Fuzz!,Electronic,4.6,5.2,The Protagonist!	
490,Chico (The Way Out),Electronic,3.9,3.7,Apes on Tapes	
492,Beryllos,Electronic,4.4,4.8,M-PeX	
493,summer,Electronic,3.7,4.9,General Fuzz	
494,Garden Theme,Electronic,3.7,4.1,Deltason	
496,OutroDub,Electronic,4.7,5.9,Adubter	
497,The Beat Goes On,Electronic,6.2,5.7,Flex Vector	
498,Drown,Electronic,2.9,2.8,Altered Carbon	
499,Bayview,Electronic,3.6,3.6,Isle	
500,القذافي الأمازون الحرس,Electronic,6,5.2,Music For Your Plants	
501,Behind The Seas,Folk,2.5,4.4,Possimiste	
502,Capulet,Folk,4.8,4.6,The Rope River Blues Band	
503,Big Gay Water Fight,Folk,5.8,6.4,Plushgoolash	
504,Rebetikaud,Folk,4.8,4,Sam Shalabi	
506,Like Home,Folk,2.9,4.1,Keshco	
507,Mε Πιάνουνε Ζαλάδες,Folk,4.9,4.8,Caligine	
512,Rast'e Tou Teke,Folk,5.1,5.4,Costa and Nero	
513,Dream (instrumental),Folk,3.1,4.2,Chan Wai Fat	
514,SIDEWALK,Folk,4.3,5.8,Jason Shaw	
515,Hash Smugglers Blues,Folk,3.8,3.4,Plankton Wat	
518,Burning School,Folk,4.1,3.4,Free Piece of Tape	
519,MDMA (Pt,Folk,6.8,5.3,Morus Alba	
520,Broken Spell,Folk,4,5.5,Moore & Sons	
521,Old Strange,Folk,3.8,4.6,Black Twig Pickers and Steve Gunn	
522,New Rembetika   14,Folk,3.5,2.7,Mike Cooper & Viv Corringham	
523,Love,Folk,5.1,5.9,The Upsidedown-E	
524,Black Eyes,Folk,3.3,4,Nettle	
525,(h) Banjo Arba Minch Garden,Folk,4.3,4.8,Cooper-Moore	
527,A Stranger's Map of Texas,Folk,4,5.7,Michael Chapman & The Woodpiles	
529,TV Dinner,Folk,4.7,5.8,Hiiragi Fukuda	
530,The Tropical Lounge Prayer Directory,Folk,3.3,3.5,The New Mystikal Troubadours	
535,Sally in the Garden Sifting Sand,Folk,6.1,6.5,Black Twig Pickers and Steve Gunn	
536,Don't You Want to Go to HeavenUncle Sam  ,Folk,5.1,4.5,Steven Arntson	
537,Efoumernam Ena Vradi,Folk,5,2.6,Astral Social Club	
540,Trouba,Folk,4.1,4.4,Steve Gunn	
544,Day Into Night,Folk,4.8,4.5,Rho	
547,It's all right,Folk,3.4,4.8,Mr. & Mrs. Smith	
550,Titanic,Folk,4.2,5.9,Michael Chapman & The Woodpiles	
551,Harmless Blues,Folk,3.2,4,Moore & Sons	
554,Wave Graves,Folk,2.8,5,Paneye	
555,Views of The Holy & Divine,Folk,5.2,4.8,The Agrarians	
556,Life on the Odyssean Wave,Folk,5.6,6.1,Steven Arntson	
558,Good Night Heart,Folk,2.8,3.2,My Bubba & Mi	
560,Vanlig,Folk,2.9,4.6,Jahzzar	
561,La Minor Live at Pacific Parc Vol,Folk,6.9,7,La Minor	
564,Solemn Ground,Folk,4.7,4.9,Fit and the Conniptions	
565,Sousta Politiki,Folk,3.1,3,Amen Dunes	
568,The Incredible Infection of Unintended Invection,Folk,5.4,3.1,U Can Unlearn Guitar	
574,Cattails,Folk,4.5,4.8,Kevin MacLeod	
577,Look inside,Folk,5.6,5.5,Jahzzar	
579,The Surveyor,Folk,3.1,3.2,red_robin	
580,Grass Above My Head,Folk,2.4,4.4,Cian Nugent	
581,Mona Lisa,Folk,5.3,6,Atlas Sound	
582,12 MORNINGS,Folk,3.1,4.9,Jason Shaw	
584,Stin Ypoga,Folk,2.5,2.4,Ignatz	
585,The Bright New Year (By Bert Jansch),Folk,4,4.2,Yair Yona	
586,Hemoglobin (Live at the Tonic Room),Folk,5.2,5.9,Greg Gibbs	
591,Whoopee Ti Yi Yo,Folk,5.7,6.2,The Sons Of The Pioneers	
592,Tape Eater,Folk,5.45,5.09,Pietnastka	
594,Di Hei Hei (sung by Po Sun Yi),Folk,4.2,3.1,Chan Wai Fat	
597,Wafternoon,Folk,4.8,6.4,Keshco	
598,Joke,Folk,4,5.6,Jahzzar	
600,32 Ford,Folk,3.5,4,Joe Mazzola	
605,Flirt,Folk,4.4,6,The Simple Carnival	
606,Ice Cream,Folk,4.1,5.6,Jahzzar	
607,Past Has Not Passed,Folk,4.4,6.1,James Blackshaw	
608,Adinatisa O Kaymenos,Folk,2.9,3.8,Daniel Padden	
609,Eter,Folk,5.3,5.55,M-PeX	
610,Shine,Folk,6.3,6.5,Jahzzar	
611,Car Crash,Folk,5.1,4.8,Jahzzar	
612,Wild Horse of Stony Point,Folk,5.6,6.6,Black Twig Pickers	
613,Going to,Folk,5.2,6.8,Jahzzar	
614,I Want To Destroy Something Beautiful,Folk,4.3,3.7,Josh Woodward	
615,Talking,Folk,3.2,5,Moore & Sons	
616,Hot Kettle and a Lonely Gun,Folk,3.5,5,Greg Gibbs	
617,A Clean Slate,Folk,6.5,3,The Peach Tree	
620,Aqua,Folk,5.8,4.4,M-PeX	
621,The Blender is Not Built For That,Folk,2.9,4.4,Carter Thornton	
622,Zoo,Folk,4.5,5,Greg Gibbs	
623,Anniversary,Folk,3.8,5.9,Jahzzar	
625,Night Ahead,Folk,3.1,4.4,Moore & Sons	
628,Hungaria,Jazz,4.9,6.8,Latché Swing	
629,Volksing Ferretismico,Jazz,7.4,7.6,Goto80 and the Uwe Schenk Band	
631,Lansdowne,Jazz,7.6,3.1,WWIII	
632,Forward,Jazz,4.2,5.4,Northbound	
634,If I Can't Dance It's Not My Revolution,Jazz,4.7,5.8,Quantum Jazz	
635,The Third Man Theme (Live @ KEXP),Jazz,6.6,7.6,Rat City Brass	
637,It smells like Chamomile Tea,Jazz,2.2,3.6,Evgeny Grinko	
638,Winter Sunshine,Jazz,3.2,4.4,Evgeny Grinko	
639,Indian Summer,Jazz,6.1,6.3,Zero V	
640,¡Qué Paciencia!,Jazz,7.6,7.8,Los Sundayers	
643,Thriller Iller,Jazz,3.5,4.2,Goto80 and the Uwe Schenk Band	
644,By the Coast (2004),Jazz,4.3,5.6,Antony Raijekov	
645,Mutatis Mutandis,Jazz,4.6,5.7,Cosmic Analog Ensemble	
646,Backed Vibes Clean,Jazz,3.1,3.8,Kevin MacLeod	
647,Scattered Knowledge,Jazz,3,5.8,Revolution Void	
648,Swing 39,Jazz,5.1,6.8,Latché Swing	
649,I Remember You,Jazz,6.2,6.7,Nature	
650,City Tail,Jazz,6,4.2,Ido Bukelman	
651,Balancing Act,Jazz,6.4,7.1,The Underscore Orkestra	
652,Don't Rush,Jazz,3.2,4.3,Zero V	
653,Jazz Club,Jazz,5.3,6.5,Kriss	
654,asrealasitgets2),Jazz,5.1,4.4,Dizzy Banjo-Jazzy Macys (disquiet0038	
656,when,Jazz,2.6,4.1,Stephan Siebert	
657,Ponky Fonky Ferret,Jazz,5.1,5.6,Goto80 and the Uwe Schenk Band	
658,AcidJazz,Jazz,4.4,5.7,Kevin MacLeod	
660,05 CherryBlossom,Jazz,2.1,2.8,Daddy_Scrabble	
661,Are,Jazz,2.2,2.8,Oaxacan	
662,Rythme Gitan,Jazz,5.9,5.1,Latché Swing	
663,Rail Star Mode,Jazz,3.3,4.3,Spartak	
664,Cable Swingin' Ferret,Jazz,7,6.6,Goto80 and the Uwe Schenk Band	
665,Sweet Georgia Brown,Jazz,5.7,6.2,Latché Swing	
666,Crackle & Pop,Jazz,5.3,5,Digital Primitives	
667,I Can't Behave,Jazz,4.2,4.9,Caravan of Thieves	
668,LordDa Mercy,Jazz,5,5.3,Daddy_Scrabble	
671,Menilmontant,Jazz,3.1,3.7,Latché Swing	
672,Vibe Ace,Jazz,4.4,6.3,Kevin MacLeod	
673,Mirando Hacia Atrás,Jazz,6.6,6.7,Los Sundayers	
674,Songe D'Automne,Jazz,6.8,7.4,Latché Swing	
675,Meetin' & Movin',Jazz,5.1,5.8,Merkel & Fritzemeier	
676,Chosen Kale Mazel Tov,Jazz,6.6,6.6,The Underscore Orkestra	
677,Neuroleptic trio instrumental 6,Jazz,6.5,5.3,Neuroleptic Trio	
681,Devil with the Devil,Jazz,4.9,6.6,The Underscore Orkestra	
682,Resonance,Jazz,4.8,6,Nature	
684,magic of fog,Jazz,4.3,4.9,Rushus	
685,George,Jazz,4.5,3.6,Curha	
686,is there anybody out there,Jazz,3.4,5.5,Sergi Boal	
687,Balancing Act Chosen Kale Mazel Tov ,Jazz,7.3,7.4,The Underscore Orkestra	
688,Irresistible Yvette (with Les Gauchers Quintet),Jazz,4.3,5,Lee Maddeford	
689,M (2003),Jazz,3.8,4.6,Antony Raijekov-Ambient	
690,Infant Holy Infant Lowly ,Jazz,2.4,4.4,Ann Alee	
691,Hard Time Killing Floor Blues,Jazz,5,3.7,Nature	
692,Boudougou,Jazz,6.9,6.1,Breuss Arrizabalaga Quintet-Nfamoudou	
693,Impressive,Jazz,6.2,5.3,Mystic Morrison Visions	
695,Track 6,Jazz,5.9,6.2,Sunny Jain's Red Baraat Festival	
696,Extraordinary Vibe,Jazz,5.3,5.8,Nature	
697,VA Riding (Single Edit),Jazz,4.8,5.8,DJ Harrison	
698,The Keeper (Live @ KEXP),Jazz,3.9,3.7,Bonobo	
699,SYMPHONIC SLIDE,Jazz,3.7,4.5,Jared C. Balogh	
700,Moon Dream (Extended Mix),Jazz,4.8,5.6,Sephirot	
702,Shipyard,Jazz,7.5,3.3,WWIII	
703,Arana,Jazz,5.1,6,Jazz at Mladost Club	
704,Monkeys have arrived,Jazz,4.1,4.2,Daddy_Scrabble	
706,Amari Szi,Jazz,5.5,6,The Underscore Orkestra	
707,Prelude #2 in A Minor (Chopin),Jazz,3.2,3.1,Ben Holmes and Patrick Farrell	
708,NO MATH 7,Jazz,3.2,3.2,Trans Atlantic Rage	
709,Jovanko,Jazz,5.8,5,The Underscore Orkestra	
710,They Enter Through the Ear,Jazz,5.4,5.1,Ehran Elisha and Roy Campbell	
711,Dances and Dames,Jazz,2.9,3.1,Kevin MacLeod	
712,As I Figure,Jazz,3.4,5.3,Kevin MacLeod	
713,parte 1 parte 4 ,Jazz,4.9,6.3,MarginalS	
714,In The Techno Tent,Jazz,4.4,4.8,Nature	
715,PULLING MYSELF UP THROUGH,Jazz,2.9,4.3,Jared C. Balogh	
717,Underscore Underwear,Jazz,4.5,4.9,The Underscore Orkestra	
718,Cocek,Jazz,5.9,6.5,The Underscore Orkestra	
719,Transparente,Jazz,7.1,7.2,Los Sundayers	
721,Mic Check,Jazz,5.7,5.5,Nature	
722,Orbiting A Distant Planet,Jazz,5.7,7,Quantum Jazz	
723,April Showers,Jazz,6.5,7.2,ProleteR	
724,RSJFoundation live at Pacific Parc,Jazz,6,6.1,Rotterdam Ska Jazz Foundation	
725,Octopus,Jazz,5.1,5.1,Mystic Morrison Visions	
726,Trio Take 5,Jazz,7,3.6,Cooper-Moore	
727,THE HAPPIEST LIFE,Jazz,4.3,4.5,Jared C. Balogh	
728,Magdalena,Jazz,6.9,7.5,The Underscore Orkestra	
729,Pepper Spray Blues,Jazz,6.4,3.5,The Luddites	
730,Mircoobee,Jazz,3.7,4.5,Keinzweiter	
731,Džejbe Džejbe,Jazz,7.3,5.8,Neuroleptic Trio	
732,Dobur Vecher,Jazz,5.6,6.3,The Underscore Orkestra	
733,Mad About You,Jazz,4.3,5,Yair Yona	
734,Sandu,Jazz,5.7,6.3,Hugo 'Droopy' Contini	
735,Invisible Walls,Jazz,4.3,4.9,Revolution Void	
736, Sax,Jazz,2.7,3.7,Kevin MacLeod-Night on the Docks 	
737,Some Other Place,Jazz,4.1,4.9,DJ Harrison	
738,Blue Draggish,Jazz,5.5,6.2,The Underscore Orkestra	
739,Balcarabic Chicken,Jazz,6.2,6.9,Quantum Jazz	
740,Futoristico,Jazz,3.7,4,Gilad Atzmon	
741,Broken String,Jazz,4.6,4.4,The Underscore Orkestra	
742, Nitro,Jazz,6.1,6.5,OPRACHINA-Oprachina 	
743,Tasky,Jazz,3.1,5,Blue Swerver	
744,Capadócia,Jazz,6.1,5.5,Thiago França	
745,Maia,Jazz,4.2,1.6,Kreng	
746,My Blackbirds Are Bluebirds Now,Jazz,3.7,4.6,The Moonlighters	
747,bruch,Jazz,3.6,4.9,Stephan Siebert-auf	
748,Night City,Jazz,5.1,4.4,Dirty Beaches	
749,Big Fun (New Ruckus),Jazz,4.2,4.9,Slumgum	
750,Street Song  Honga,Jazz,5.3,5.7,Ben Holmes and Patrick Farrell	
756,Lips,Pop,5.9,6.8,Plurabelle	
757,Freeway,Pop,6,6.1,Kurt Vile	
758,Ou Inme,Pop,4.8,5.9,ghostandthesong	
759,Frozen Egg,Pop,6.7,5.9,Lame Drivers	
763,Siesta,Pop,3.5,5.5,Jahzzar	
764,Vogelbird,Pop,6.3,7.5,Sleeping Policemen	
767,kirblooey,Pop,5.2,6.5,Windom Earle	
769,Chaos,Pop,6.2,5,AMANDA	
773,The Island Song,Pop,4.5,4.7,U.S. Girls	
775,In The Early Months Of The Emergency,Pop,3.7,4.4,Ghost Hunter	
776,Through The Haze Of The Green Glasses,Pop,3.5,4.5,Ghost Hunter	
777,A Little Too Fast,Pop,6.2,5.1,The Strangers	
779,What Circle Where,Pop,2.8,5.3,Macaw	
780,Gay_Bar_videogame,Pop,5.8,6.2,The Wildbunch	
781,Butterfly,Pop,4.9,6.3,Delicate Steve	
782,Who Are You,Pop,7.2,4.7,The Strangers	
784,Le Gateau Au Yaourt,Pop,4.7,5.7,Benjamin Bret	
787, Ride The Tide,Pop,6.1,6.3,coverclub.nl-Schotel van de Dag 	
789,No Slow Dancing,Pop,3.9,5.2,Austin Leonard Jones	
790,City Sounds,Pop,7.2,5.4,Sycamore Drive	
791,West Bank,Pop,2.7,4.6,Lezet	
794,Window #3,Pop,2.5,4.2,Two Bicycles	
795,Simon Cowell,Pop,2.2,3.5,Ergo Phizmiz	
796,Ghost Transference,Pop,5.2,5.1,Learning Music	
797,Sunday Lovers,Pop,4.9,5.4,Monday Night Fever	
798,Waha,Pop,6.5,5.9,Casetofoane	
799,Beach Point Pleasant,Pop,4.1,5.6,Ducktails	
800,Cinq,Pop,4.5,4.5,Les Oreilles-Quarante	
801,Marty Feldman,Pop,3.3,3.5,Keshco	
804,Birthday Cake,Pop,6.9,6.8,Jahzzar	
805,Son Of A Systems Engineer Manager,Pop,2.2,3.5,Keshco	
806, Christmas Day With Me,Pop,6.4,6.6,coverclub.nl-Laura Vane & the Vipertones 	
807,Ftgrr,Pop,4.8,6.5,Björn & Gorden	
808,Lost,Pop,3.1,4.3,Greg Gibbs	
810,El barzón,Pop,6.5,6.6,Los Amparito	
811,Tourist Shooting Tar Balls,Pop,4.1,4.9,Party People in a Can	
813,Wild & You,Pop,6.2,6.7,My Bubba & Mi	
814,re bitterfly,Pop,6.1,5.3,etc.	
815,LightLivid ,Pop,5.5,5.9,Plurabelle	
818,In Fielder,Pop,5.9,6.8,Miró Belle	
819,Tilly's Punctured Romancer,Pop,4,5.7,Ergo Phizmiz	
820,Wallflower,Pop,6.4,6.4,Plurabelle	
823,You Want It,Pop,4.8,4.8,Gringo Star	
824,Untold Story,Pop,7.2,7,Sycamore Drive	
825,I Keep My Soul Alive with Different Kinds of Germs,Pop,4.1,5.7,FAVORS	
826,I'll Keep It With Mine,Pop,4,4.7,Dean & Britta	
829,Talk to me,Pop,2.3,4.5,Jahzzar	
830,Enel,Pop,5.3,5.9,Casetofoane	
831,Electrohood,Pop,5.2,6.2,Casetofoane	
833,Rocky 5000,Pop,5,5.8,Casetofoane	
834,Fly By Night,Pop,4.7,4.3,Keshco	
836,Memories Are Made of This,Pop,7.1,5.7,The Scallions	
839,Fun With Petroleum,Pop,5.7,4.4,Ergo Phizmiz	
841,Nicotine Blues,Pop,4.2,4.7,Kurt Vile	
844,Wizball,Pop,3.8,3.4,Gustav Taxén	
845,The Great Giana Sisters (Piano cover),Pop,5.1,4,Christian Vestergaard	
846,High Buildings,Pop,6,5.5,Flora	
848,Eating Baby Lions Nightmare,Pop,2.2,2.7,Shirley and Spinoza-Half	
850,Strange Things,Pop,3.6,3.1,Ergo Phizmiz	
851, Etam Etamski,Pop,5,4.4,How How-Tetrolux 	
852,Erebus (piano),Pop,4.5,4.7,Andrea Baroni	
854,Through & Through,Pop,2.9,3.8,My Bubba & Mi	
855,2,Pop,2.9,4.5,The Family Simpson	
856,The Other Man,Pop,6.7,5.6,Sloan	
857,Trick Pony (Live @ KEXP),Pop,4.9,5.3,Charlotte Gainsbourg	
858,Alive,Pop,4.4,4.5,Jahzzar	
859,Delta,Pop,3.6,5.1,Moonove	
860,Señor Bomba,Pop,6.6,6.7,MrJuan	
863,The End of Time,Pop,6.4,7,Computer Magic	
864,Polaroid,Pop,5.7,5.9,Jahzzar	
865,Love Me Like You,Pop,2.8,4.6,The Mythics	
866,Basket Ball Get Your Groove Back (Live @ KEXP),Pop,5.8,5.1,Deerhoof	
867,Saudades,Pop,5.8,6.5,Duda Nunes	
869,cuts&bruises,Pop,2.6,4.1,Plurabelle	
871,Deep Thought Process,Pop,6.4,6,Sycamore Drive	
872,Ticking Away,Pop,3.4,5.5,Cranston	
873,Summer Song (Instrumental),Pop,6.8,7,YACHT	
874,This Love's Got to Change,Pop,6.3,4.4,Black Math	
876,Kopeika,Rock,6.3,6.7,et_	
879,Computer,Rock,5.6,6,State Shirt	
880,Stance Gives You Balance,Rock,4.9,3.8,Hogan Grip	
882,The last ones,Rock,5.3,5.2,Jahzzar	
884,Old White Eye,Rock,5.5,5,Ghost Hunter	
886,Mariachi Bandits of Gatling Gun Ridge,Rock,5.9,5.4,krackatoa	
887,Happening for Lulu,Rock,5.1,5.6,Kraus	
889,Requiem for a Fish,Rock,6.9,7.2,The Freak Fandango Orchestra	
890,The Beach! The Beach!,Rock,3.6,4.7,Holy Coast	
891,Jupiter The Blue,Rock,3.4,5.5,Gillicuddy	
892,North Sea Radio,Rock,3.9,2.9,Paneye	
893,Blackroad,Rock,7.3,3.3,Tyrannic Toy	
897,arriba,Rock,4.9,4.3,reed blue & exteenager	
898,No,Rock,6.4,5.5,Room For A Ghost	
899,One Man And His Piano,Rock,5.3,6.3,Linus Akesson	
902,Naramiddu poita (feat,Rock,7,3.3,Arrogalla remixes Dadub	
903,Wild Eyes (live @ WFMU),Rock,5.9,5.6,Vivian Girls	
904,Something In the Woods,Rock,5.7,4.2,krackatoa	
908,You Can't Have It   Shinjuku Birdwalk,Rock,5.5,4.9,Karen Cooper Complex	
909,Exotica,Rock,6,5.5,Juanitos	
910,Utopia (instrumental),Rock,7,6.6,YACHT	
911,Jungle Law,Rock,7.1,4,Original Innocence	
913,Untitled 06,Rock,4.8,3.3,Mountain Cult	
915,Everything Is Changing,Rock,5,5.2,Noi	
921,Sambarama,Rock,5.9,6.1,Juanitos	
924,Strange Italian Song,Rock,5.4,6.2,Juanitos	
925,Photosphere,Rock,4.9,5.7,Charles Atlas	
926,Flying Alaska V,Rock,4,5.5,Everlone	
928,,Rock,5,4,Waiters
931,Mickey Maos,Rock,6.3,6.5,Halloween	
932,Crowning Of A Heart (Live @ KEXP),Rock,4.5,4.9,…And You Will Know Us By The Trail Of Dead	
934,Other Side,Rock,6.2,6.4,Lame Drivers	
936,Plumy Tale,Rock,5.4,4.7,Dumbo Gets Mad	
938,Thrashing In The Unknown,Rock,7.3,4.2,Milk Music	
939,You should go on,Rock,6.2,2.7,Richard There	
941,Get My Fix (Morphamish Mix),Rock,7.2,5.9,Morphamish+ Tekkerz	
942,Santa Leone,Rock,4.8,4.1,Pajaro	
944,Hey Grrl,Rock,7.1,6.5,Shark 	
945,Leelo (Part 1),Rock,2.3,2.8,The Ghost Of 29 Megacycles	
949,Favorite Secrets,Rock,5.7,6.1,Waylon Thornton	
952,Monday at 12,Rock,4.2,3.7,Glass Boy	
954,Bruce Lee (acoustic Jam),Rock,5.1,5.5,Doron Deutsch	
955,Blind Eyes,Rock,3.8,5.6,Everlone	
956,Indian Summer,Rock,4.5,5.4,end's not near	
957,boss A,Rock,2.8,4.7,un automne à Lob-Nor	
958,(Untitled 1),Rock,5.5,5.1,Trailblazer	
959,Indyair,Rock,6.2,6.4,springtide	
960,Helix Nebula,Rock,7.7,7.7,Anamanaguchi	
961,Union Square,Rock,5.6,5.5,James Beaudreau	
962,Rotting Heights,Rock,7.4,3.4,Ice Age	
964,Driftin' Around,Rock,7.6,7,J.Walker & The Crossguards	
967,I Had A Dream,Rock,2.8,4.4,Daniel Johnston	
968,Bar Trombone,Rock,3.8,3.2,Abe Sada-Black	
970,The Pharaos' Theme,Rock,6.6,6.6,Pharaos	
973,Swagg's & Elliot,Rock,6.5,4.6,Mount Carmel	
974,Crucial Contact,Rock,4.1,4.2,Karl Blau	
976,Merry Christmas,Rock,6.2,5.9,Glass Boy	
977,Suck City,Rock,7.3,3.5,Black Math	
978,Absolutely Gorgeous,Rock,7.7,6.1,krackatoa	
979,Deck the Halls,Rock,3.1,5.5,Rue Royale	
980,Tell The Police The Truth,Rock,5.8,4.3,Mahjongg	
981,Bottums Up,Rock,6.7,6.6,Morphamish	
983,Tripped & Fell In Love (instrumental),Rock,4.8,6.3,YACHT	
985,Zebra (Live @ KEXP),Rock,3.9,6.1,Beach House	
986,Girl,Rock,5.8,4.5,Suicide	
987,Hit and Run,Rock,6.3,3.6,Jack Ruby	
988,The Pull,Rock,5.4,5.9,Bluebrain	
989,piste quatre,Rock,6.3,6.4,Vespre	
990,El Tranvía,Rock,6,6.1,Jenifer Avila	
991,Moving Away,Rock,3.1,3.5,Moore & Sons	
993,Stance Gives You Power,Rock,4.4,3.8,Hogan Grip	
994,Engine #3 (Morphamish Remix),Rock,6.6,5.3,Morphamish remixes Full Blush	
995,Honte De Toi,Rock,4.7,2.4,Benjamin Bret	
996,Fireworks,Rock,6,6.7,Jahzzar	
997,Monster On Campus,Rock,6.4,6.7,Halloween	
999,So Easy,Rock,4.1,5.9,Jahzzar	
1000, Single,Rock,6.8,5.6,Republic Of Lights-Got You Surrounded 	
